{"battles":8712,"avg":1,"pokemon":[{"name":"Pichu","usage":100,"raw":17424,"rawp":100,"real":13728,"realp":185.313},{"name":"Pikachu","usage":100,"raw":17424,"rawp":100,"real":14902,"realp":201.161},{"name":"Raichu-Alola","usage":59.81979,"raw":10423,"rawp":59.82,"real":9428,"realp":127.268},{"name":"Raichu","usage":40.18021,"raw":7001,"rawp":40.18,"real":6390,"realp":86.258}]}