{"battles":7288,"avg":0.02,"pokemon":[{"name":"Pichu","usage":100,"raw":14576,"rawp":100,"real":11847,"realp":188.897},{"name":"Pikachu","usage":100,"raw":14576,"rawp":100,"real":12443,"realp":198.4},{"name":"Raichu","usage":56.60818,"raw":6999,"rawp":48.017,"real":6531,"realp":104.135},{"name":"Raichu-Alola","usage":43.39182,"raw":7577,"rawp":51.983,"real":6809,"realp":108.568}]}